<?xml version="1.0" encoding="UTF-8"?>
<!-- <!DOCTYPE empresaVuelo SYSTEM "Ejercicio2.dtd"> -->
<empresaVuelo>
	<!-- Pasajeros -->
	<pasajero numeroTarjetaCredito="1234567898765432">
		<nombre></nombre>
		<direccion></direccion>
		<numeroDePasaporte></numeroDePasaporte>
		<vueloTomado id="1234" numeroAsientos="" fecha=""></vueloTomado>
	</pasajero>

	<!-- Aeropuertos -->
	<aeropuerto codigo="123445">
		<nombreAeropuerto></nombreAeropuerto>
		<tasas>
			<tasa id="123456"></tasa>
		</tasas>
	</aeropuerto>
</empresaVuelo>
<!-- Para evitar que un usuario agregue datos que no se correspondan a los 
	requirimientos anteriores, necesitaríamos una especie de plantilla que defina 
	qué vale y qué no vale introducir en el documento XML -->
